id,label,adress,city,country
1,Payment Adjustment Coordinator,8 4th Crossing,Parrita,Costa Rica
2,Chemical Engineer,177 Gina Drive,Vilque,Peru
3,Staff Scientist,59501 Little Fleur Crossing,Mayo Belwa,Nigeria
4,GIS Technical Architect,9 Kingsford Drive,Baki,Indonesia
5,Accounting Assistant IV,45420 Luster Circle,Qal‘at Bīshah,Saudi Arabia
6,Accounting Assistant III,7 Merrick Crossing,Qasr Abu Hadi,Libya
7,Budget/Accounting Analyst I,20254 Northfield Plaza,Miguel Pereira,Brazil
8,Web Designer III,27465 Rieder Hill,Ciemas,Indonesia
9,Design Engineer,7 Hauk Circle,Częstochowa,Poland
10,Account Representative IV,864 Shoshone Street,Tbêng Méanchey,Cambodia
11,Executive Secretary,261 Sundown Place,Nabire,Indonesia
12,Automation Specialist II,235 Main Court,Wuma,China
13,GIS Technical Architect,850 Magdeline Center,Krajan Kedungsalam,Indonesia
14,VP Product Management,3 Katie Circle,Governador Valadares,Brazil
15,Marketing Assistant,435 Sachtjen Court,Moscow,Russia
16,Design Engineer,75 Namekagon Hill,Kesheng,China
17,Web Developer III,8629 Killdeer Junction,Chegang,China
18,Financial Advisor,64754 Iowa Point,Rāwandūz,Iraq
19,Compensation Analyst,53706 Killdeer Parkway,New York City,United States
20,Pharmacist,0613 Portage Drive,Pallisa,Uganda
21,Graphic Designer,5677 Iowa Hill,Nancun,China
22,Sales Associate,518 Cordelia Alley,Kirkland Lake,Canada
23,Speech Pathologist,13548 Sutherland Park,Melgar,Colombia
24,Senior Cost Accountant,33 Lien Trail,Tena,Ecuador
25,Human Resources Manager,568 Clarendon Circle,Minanga Norte,Philippines
26,Software Consultant,83 Hoepker Pass,Shuangqiao,China
27,Data Coordiator,7 Mayfield Trail,Pingdong,China
28,Staff Scientist,0926 3rd Hill,Hudson Bay,Canada
29,Automation Specialist II,6560 Jana Street,La Celia,Colombia
30,Clinical Specialist,5 Mallory Center,Bayt Yāshūţ,Syria
31,Senior Financial Analyst,63 Fieldstone Park,Paterson,United States
32,Web Designer III,59121 Glendale Alley,San Vicente,Philippines
33,Environmental Specialist,30038 Service Drive,Aydūn,Jordan
34,Software Engineer III,05 East Point,Drahovo,Ukraine
35,Clinical Specialist,19028 Loftsgordon Way,Longsheng,China
36,Clinical Specialist,54407 Stone Corner Park,Zhongshanlu,China
37,VP Product Management,479 Fairfield Lane,Kiernozia,Poland
38,General Manager,34312 Bartillon Hill,Chinju,South Korea
39,Biostatistician III,8 Summit Circle,Pingpu,China
40,Marketing Assistant,30935 Sachtjen Street,Placetas,Cuba
41,Environmental Specialist,7 Hovde Crossing,Volzhskiy,Russia
42,Help Desk Operator,33 Hermina Drive,Pashkovskiy,Russia
43,Senior Developer,2606 Heffernan Point,Kalmar,Sweden
44,Electrical Engineer,3310 Pine View Pass,Nkandla,South Africa
45,Graphic Designer,10 Northwestern Road,Muan,South Korea
46,Physical Therapy Assistant,4761 Utah Park,Shuangyang,China
47,Account Representative IV,30 Troy Junction,Macatuba,Brazil
48,Software Test Engineer IV,4 Leroy Junction,Hezhi,China
49,Project Manager,83932 Spenser Road,Centenary,Zimbabwe
50,Professor,59490 Maple Wood Pass,København,Denmark
